bidding_zone,interval_start_utc,interval_end_utc,resolution_minutes,price_eur_mwh,currency,price_unit,position,is_filled,document_mrid,revision_number,document_created_utc,_logical_date,_ingested_at,_source_file
10YNL----------L,2026-09-23 22:00:00+00,2026-09-23 23:00:00+00,60,41.87,EUR,MWH,1,false,a-10YNL--2026-09-24,1,2026-09-24 02:55:00+00,2026-09-24,2026-09-24 03:00:00,sample/2026-09-24/a-10YNL--2026-09-24.xml
10YNL----------L,2026-09-23 23:00:00+00,2026-09-24 00:00:00+00,60,40.00,EUR,MWH,2,false,a-10YNL--2026-09-24,1,2026-09-24 02:55:00+00,2026-09-24,2026-09-24 03:00:00,sample/2026-09-24/a-10YNL--2026-09-24.xml
10YNL----------L,2026-09-24 00:00:00+00,2026-09-24 01:00:00+00,60,41.87,EUR,MWH,3,false,a-10YNL--2026-09-24,1,2026-09-24 02:55:00+00,2026-09-24,2026-09-24 03:00:00,sample/2026-09-24/a-10YNL--2026-09-24.xml
10YNL----------L,2026-09-24 01:00:00+00,2026-09-24 02:00:00+00,60,47.37,EUR,MWH,4,false,a-10YNL--2026-09-24,1,2026-09-24 02:55:00+00,2026-09-24,2026-09-24 03:00:00,sample/2026-09-24/a-10YNL--2026-09-24.xml
10YNL----------L,2026-09-24 02:00:00+00,2026-09-24 03:00:00+00,60,56.11,EUR,MWH,5,false,a-10YNL--2026-09-24,1,2026-09-24 02:55:00+00,2026-09-24,2026-09-24 03:00:00,sample/2026-09-24/a-10YNL--2026-09-24.xml
10YNL----------L,2026-09-24 03:00:00+00,2026-09-24 04:00:00+00,60,67.50,EUR,MWH,6,false,a-10YNL--2026-09-24,1,2026-09-24 02:55:00+00,2026-09-24,2026-09-24 03:00:00,sample/2026-09-24/a-10YNL--2026-09-24.xml
10YNL----------L,2026-09-24 04:00:00+00,2026-09-24 05:00:00+00,60,80.76,EUR,MWH,7,false,a-10YNL--2026-09-24,1,2026-09-24 02:55:00+00,2026-09-24,2026-09-24 03:00:00,sample/2026-09-24/a-10YNL--2026-09-24.xml
10YNL----------L,2026-09-24 05:00:00+00,2026-09-24 06:00:00+00,60,95.00,EUR,MWH,8,false,a-10YNL--2026-09-24,1,2026-09-24 02:55:00+00,2026-09-24,2026-09-24 03:00:00,sample/2026-09-24/a-10YNL--2026-09-24.xml
10YNL----------L,2026-09-24 06:00:00+00,2026-09-24 07:00:00+00,60,109.24,EUR,MWH,9,false,a-10YNL--2026-09-24,1,2026-09-24 02:55:00+00,2026-09-24,2026-09-24 03:00:00,sample/2026-09-24/a-10YNL--2026-09-24.xml
10YNL----------L,2026-09-24 07:00:00+00,2026-09-24 08:00:00+00,60,122.50,EUR,MWH,10,false,a-10YNL--2026-09-24,1,2026-09-24 02:55:00+00,2026-09-24,2026-09-24 03:00:00,sample/2026-09-24/a-10YNL--2026-09-24.xml
10YNL----------L,2026-09-24 08:00:00+00,2026-09-24 09:00:00+00,60,133.89,EUR,MWH,11,false,a-10YNL--2026-09-24,1,2026-09-24 02:55:00+00,2026-09-24,2026-09-24 03:00:00,sample/2026-09-24/a-10YNL--2026-09-24.xml
10YNL----------L,2026-09-24 09:00:00+00,2026-09-24 10:00:00+00,60,142.63,EUR,MWH,12,false,a-10YNL--2026-09-24,1,2026-09-24 02:55:00+00,2026-09-24,2026-09-24 03:00:00,sample/2026-09-24/a-10YNL--2026-09-24.xml
10YNL----------L,2026-09-24 10:00:00+00,2026-09-24 11:00:00+00,60,-26.87,EUR,MWH,13,false,a-10YNL--2026-09-24,1,2026-09-24 02:55:00+00,2026-09-24,2026-09-24 03:00:00,sample/2026-09-24/a-10YNL--2026-09-24.xml
10YNL----------L,2026-09-24 11:00:00+00,2026-09-24 12:00:00+00,60,-25.00,EUR,MWH,14,false,a-10YNL--2026-09-24,1,2026-09-24 02:55:00+00,2026-09-24,2026-09-24 03:00:00,sample/2026-09-24/a-10YNL--2026-09-24.xml
10YNL----------L,2026-09-24 12:00:00+00,2026-09-24 13:00:00+00,60,148.13,EUR,MWH,15,false,a-10YNL--2026-09-24,1,2026-09-24 02:55:00+00,2026-09-24,2026-09-24 03:00:00,sample/2026-09-24/a-10YNL--2026-09-24.xml
10YNL----------L,2026-09-24 13:00:00+00,2026-09-24 14:00:00+00,60,142.63,EUR,MWH,16,false,a-10YNL--2026-09-24,1,2026-09-24 02:55:00+00,2026-09-24,2026-09-24 03:00:00,sample/2026-09-24/a-10YNL--2026-09-24.xml
10YNL----------L,2026-09-24 14:00:00+00,2026-09-24 15:00:00+00,60,133.89,EUR,MWH,17,false,a-10YNL--2026-09-24,1,2026-09-24 02:55:00+00,2026-09-24,2026-09-24 03:00:00,sample/2026-09-24/a-10YNL--2026-09-24.xml
10YNL----------L,2026-09-24 15:00:00+00,2026-09-24 16:00:00+00,60,122.50,EUR,MWH,18,false,a-10YNL--2026-09-24,1,2026-09-24 02:55:00+00,2026-09-24,2026-09-24 03:00:00,sample/2026-09-24/a-10YNL--2026-09-24.xml
10YNL----------L,2026-09-24 16:00:00+00,2026-09-24 17:00:00+00,60,109.24,EUR,MWH,19,false,a-10YNL--2026-09-24,1,2026-09-24 02:55:00+00,2026-09-24,2026-09-24 03:00:00,sample/2026-09-24/a-10YNL--2026-09-24.xml
10YNL----------L,2026-09-24 17:00:00+00,2026-09-24 18:00:00+00,60,95.00,EUR,MWH,20,false,a-10YNL--2026-09-24,1,2026-09-24 02:55:00+00,2026-09-24,2026-09-24 03:00:00,sample/2026-09-24/a-10YNL--2026-09-24.xml
10YNL----------L,2026-09-24 18:00:00+00,2026-09-24 19:00:00+00,60,80.76,EUR,MWH,21,false,a-10YNL--2026-09-24,1,2026-09-24 02:55:00+00,2026-09-24,2026-09-24 03:00:00,sample/2026-09-24/a-10YNL--2026-09-24.xml
10YNL----------L,2026-09-24 19:00:00+00,2026-09-24 20:00:00+00,60,67.50,EUR,MWH,22,false,a-10YNL--2026-09-24,1,2026-09-24 02:55:00+00,2026-09-24,2026-09-24 03:00:00,sample/2026-09-24/a-10YNL--2026-09-24.xml
10YNL----------L,2026-09-24 20:00:00+00,2026-09-24 21:00:00+00,60,56.11,EUR,MWH,23,false,a-10YNL--2026-09-24,1,2026-09-24 02:55:00+00,2026-09-24,2026-09-24 03:00:00,sample/2026-09-24/a-10YNL--2026-09-24.xml
10YNL----------L,2026-09-24 21:00:00+00,2026-09-24 22:00:00+00,60,47.37,EUR,MWH,24,false,a-10YNL--2026-09-24,1,2026-09-24 02:55:00+00,2026-09-24,2026-09-24 03:00:00,sample/2026-09-24/a-10YNL--2026-09-24.xml
10YNL----------L,2026-09-24 22:00:00+00,2026-09-24 23:00:00+00,60,47.87,EUR,MWH,1,false,a-10YNL--2026-09-25,1,2026-09-24 02:55:00+00,2026-09-24,2026-09-24 03:00:00,sample/2026-09-24/a-10YNL--2026-09-25.xml
10YNL----------L,2026-09-24 23:00:00+00,2026-09-25 00:00:00+00,60,46.00,EUR,MWH,2,false,a-10YNL--2026-09-25,1,2026-09-24 02:55:00+00,2026-09-24,2026-09-24 03:00:00,sample/2026-09-24/a-10YNL--2026-09-25.xml
10YNL----------L,2026-09-25 00:00:00+00,2026-09-25 01:00:00+00,60,47.87,EUR,MWH,3,false,a-10YNL--2026-09-25,1,2026-09-24 02:55:00+00,2026-09-24,2026-09-24 03:00:00,sample/2026-09-24/a-10YNL--2026-09-25.xml
10YNL----------L,2026-09-25 01:00:00+00,2026-09-25 02:00:00+00,60,53.37,EUR,MWH,4,false,a-10YNL--2026-09-25,1,2026-09-24 02:55:00+00,2026-09-24,2026-09-24 03:00:00,sample/2026-09-24/a-10YNL--2026-09-25.xml
10YNL----------L,2026-09-25 02:00:00+00,2026-09-25 03:00:00+00,60,62.11,EUR,MWH,5,false,a-10YNL--2026-09-25,1,2026-09-24 02:55:00+00,2026-09-24,2026-09-24 03:00:00,sample/2026-09-24/a-10YNL--2026-09-25.xml
10YNL----------L,2026-09-25 03:00:00+00,2026-09-25 04:00:00+00,60,73.50,EUR,MWH,6,false,a-10YNL--2026-09-25,1,2026-09-24 02:55:00+00,2026-09-24,2026-09-24 03:00:00,sample/2026-09-24/a-10YNL--2026-09-25.xml
10YNL----------L,2026-09-25 04:00:00+00,2026-09-25 05:00:00+00,60,86.76,EUR,MWH,7,false,a-10YNL--2026-09-25,1,2026-09-24 02:55:00+00,2026-09-24,2026-09-24 03:00:00,sample/2026-09-24/a-10YNL--2026-09-25.xml
10YNL----------L,2026-09-25 05:00:00+00,2026-09-25 06:00:00+00,60,101.00,EUR,MWH,8,false,a-10YNL--2026-09-25,1,2026-09-24 02:55:00+00,2026-09-24,2026-09-24 03:00:00,sample/2026-09-24/a-10YNL--2026-09-25.xml
10YNL----------L,2026-09-25 06:00:00+00,2026-09-25 07:00:00+00,60,115.24,EUR,MWH,9,false,a-10YNL--2026-09-25,1,2026-09-24 02:55:00+00,2026-09-24,2026-09-24 03:00:00,sample/2026-09-24/a-10YNL--2026-09-25.xml
10YNL----------L,2026-09-25 07:00:00+00,2026-09-25 08:00:00+00,60,128.50,EUR,MWH,10,false,a-10YNL--2026-09-25,1,2026-09-24 02:55:00+00,2026-09-24,2026-09-24 03:00:00,sample/2026-09-24/a-10YNL--2026-09-25.xml
10YNL----------L,2026-09-25 08:00:00+00,2026-09-25 09:00:00+00,60,139.89,EUR,MWH,11,false,a-10YNL--2026-09-25,1,2026-09-24 02:55:00+00,2026-09-24,2026-09-24 03:00:00,sample/2026-09-24/a-10YNL--2026-09-25.xml
10YNL----------L,2026-09-25 09:00:00+00,2026-09-25 10:00:00+00,60,148.63,EUR,MWH,12,false,a-10YNL--2026-09-25,1,2026-09-24 02:55:00+00,2026-09-24,2026-09-24 03:00:00,sample/2026-09-24/a-10YNL--2026-09-25.xml
10YNL----------L,2026-09-25 10:00:00+00,2026-09-25 11:00:00+00,60,-20.87,EUR,MWH,13,false,a-10YNL--2026-09-25,1,2026-09-24 02:55:00+00,2026-09-24,2026-09-24 03:00:00,sample/2026-09-24/a-10YNL--2026-09-25.xml
10YNL----------L,2026-09-25 11:00:00+00,2026-09-25 12:00:00+00,60,-19.00,EUR,MWH,14,false,a-10YNL--2026-09-25,1,2026-09-24 02:55:00+00,2026-09-24,2026-09-24 03:00:00,sample/2026-09-24/a-10YNL--2026-09-25.xml
10YNL----------L,2026-09-25 12:00:00+00,2026-09-25 13:00:00+00,60,154.13,EUR,MWH,15,false,a-10YNL--2026-09-25,1,2026-09-24 02:55:00+00,2026-09-24,2026-09-24 03:00:00,sample/2026-09-24/a-10YNL--2026-09-25.xml
10YNL----------L,2026-09-25 13:00:00+00,2026-09-25 14:00:00+00,60,148.63,EUR,MWH,16,false,a-10YNL--2026-09-25,1,2026-09-24 02:55:00+00,2026-09-24,2026-09-24 03:00:00,sample/2026-09-24/a-10YNL--2026-09-25.xml
10YNL----------L,2026-09-25 14:00:00+00,2026-09-25 15:00:00+00,60,139.89,EUR,MWH,17,false,a-10YNL--2026-09-25,1,2026-09-24 02:55:00+00,2026-09-24,2026-09-24 03:00:00,sample/2026-09-24/a-10YNL--2026-09-25.xml
10YNL----------L,2026-09-25 15:00:00+00,2026-09-25 16:00:00+00,60,128.50,EUR,MWH,18,false,a-10YNL--2026-09-25,1,2026-09-24 02:55:00+00,2026-09-24,2026-09-24 03:00:00,sample/2026-09-24/a-10YNL--2026-09-25.xml
10YNL----------L,2026-09-25 16:00:00+00,2026-09-25 17:00:00+00,60,115.24,EUR,MWH,19,false,a-10YNL--2026-09-25,1,2026-09-24 02:55:00+00,2026-09-24,2026-09-24 03:00:00,sample/2026-09-24/a-10YNL--2026-09-25.xml
10YNL----------L,2026-09-25 17:00:00+00,2026-09-25 18:00:00+00,60,101.00,EUR,MWH,20,false,a-10YNL--2026-09-25,1,2026-09-24 02:55:00+00,2026-09-24,2026-09-24 03:00:00,sample/2026-09-24/a-10YNL--2026-09-25.xml
10YNL----------L,2026-09-25 18:00:00+00,2026-09-25 19:00:00+00,60,86.76,EUR,MWH,21,false,a-10YNL--2026-09-25,1,2026-09-24 02:55:00+00,2026-09-24,2026-09-24 03:00:00,sample/2026-09-24/a-10YNL--2026-09-25.xml
10YNL----------L,2026-09-25 19:00:00+00,2026-09-25 20:00:00+00,60,73.50,EUR,MWH,22,false,a-10YNL--2026-09-25,1,2026-09-24 02:55:00+00,2026-09-24,2026-09-24 03:00:00,sample/2026-09-24/a-10YNL--2026-09-25.xml
10YNL----------L,2026-09-25 20:00:00+00,2026-09-25 21:00:00+00,60,62.11,EUR,MWH,23,false,a-10YNL--2026-09-25,1,2026-09-24 02:55:00+00,2026-09-24,2026-09-24 03:00:00,sample/2026-09-24/a-10YNL--2026-09-25.xml
10YNL----------L,2026-09-25 21:00:00+00,2026-09-25 22:00:00+00,60,53.37,EUR,MWH,24,false,a-10YNL--2026-09-25,1,2026-09-24 02:55:00+00,2026-09-24,2026-09-24 03:00:00,sample/2026-09-24/a-10YNL--2026-09-25.xml
10YBE----------2,2026-09-23 22:00:00+00,2026-09-23 23:00:00+00,60,46.37,EUR,MWH,1,false,a-10YBE--2026-09-24,1,2026-09-24 02:55:00+00,2026-09-24,2026-09-24 03:00:00,sample/2026-09-24/a-10YBE--2026-09-24.xml
10YBE----------2,2026-09-23 23:00:00+00,2026-09-24 00:00:00+00,60,44.50,EUR,MWH,2,false,a-10YBE--2026-09-24,1,2026-09-24 02:55:00+00,2026-09-24,2026-09-24 03:00:00,sample/2026-09-24/a-10YBE--2026-09-24.xml
10YBE----------2,2026-09-24 00:00:00+00,2026-09-24 01:00:00+00,60,46.37,EUR,MWH,3,false,a-10YBE--2026-09-24,1,2026-09-24 02:55:00+00,2026-09-24,2026-09-24 03:00:00,sample/2026-09-24/a-10YBE--2026-09-24.xml
10YBE----------2,2026-09-24 01:00:00+00,2026-09-24 02:00:00+00,60,51.87,EUR,MWH,4,false,a-10YBE--2026-09-24,1,2026-09-24 02:55:00+00,2026-09-24,2026-09-24 03:00:00,sample/2026-09-24/a-10YBE--2026-09-24.xml
10YBE----------2,2026-09-24 02:00:00+00,2026-09-24 03:00:00+00,60,60.61,EUR,MWH,5,false,a-10YBE--2026-09-24,1,2026-09-24 02:55:00+00,2026-09-24,2026-09-24 03:00:00,sample/2026-09-24/a-10YBE--2026-09-24.xml
10YBE----------2,2026-09-24 03:00:00+00,2026-09-24 04:00:00+00,60,72.00,EUR,MWH,6,false,a-10YBE--2026-09-24,1,2026-09-24 02:55:00+00,2026-09-24,2026-09-24 03:00:00,sample/2026-09-24/a-10YBE--2026-09-24.xml
10YBE----------2,2026-09-24 04:00:00+00,2026-09-24 05:00:00+00,60,85.26,EUR,MWH,7,false,a-10YBE--2026-09-24,1,2026-09-24 02:55:00+00,2026-09-24,2026-09-24 03:00:00,sample/2026-09-24/a-10YBE--2026-09-24.xml
10YBE----------2,2026-09-24 05:00:00+00,2026-09-24 06:00:00+00,60,99.50,EUR,MWH,8,false,a-10YBE--2026-09-24,1,2026-09-24 02:55:00+00,2026-09-24,2026-09-24 03:00:00,sample/2026-09-24/a-10YBE--2026-09-24.xml
10YBE----------2,2026-09-24 06:00:00+00,2026-09-24 07:00:00+00,60,113.74,EUR,MWH,9,false,a-10YBE--2026-09-24,1,2026-09-24 02:55:00+00,2026-09-24,2026-09-24 03:00:00,sample/2026-09-24/a-10YBE--2026-09-24.xml
10YBE----------2,2026-09-24 07:00:00+00,2026-09-24 08:00:00+00,60,127.00,EUR,MWH,10,false,a-10YBE--2026-09-24,1,2026-09-24 02:55:00+00,2026-09-24,2026-09-24 03:00:00,sample/2026-09-24/a-10YBE--2026-09-24.xml
10YBE----------2,2026-09-24 08:00:00+00,2026-09-24 09:00:00+00,60,138.39,EUR,MWH,11,false,a-10YBE--2026-09-24,1,2026-09-24 02:55:00+00,2026-09-24,2026-09-24 03:00:00,sample/2026-09-24/a-10YBE--2026-09-24.xml
10YBE----------2,2026-09-24 09:00:00+00,2026-09-24 10:00:00+00,60,147.13,EUR,MWH,12,false,a-10YBE--2026-09-24,1,2026-09-24 02:55:00+00,2026-09-24,2026-09-24 03:00:00,sample/2026-09-24/a-10YBE--2026-09-24.xml
10YBE----------2,2026-09-24 10:00:00+00,2026-09-24 11:00:00+00,60,-22.37,EUR,MWH,13,false,a-10YBE--2026-09-24,1,2026-09-24 02:55:00+00,2026-09-24,2026-09-24 03:00:00,sample/2026-09-24/a-10YBE--2026-09-24.xml
10YBE----------2,2026-09-24 11:00:00+00,2026-09-24 12:00:00+00,60,-20.50,EUR,MWH,14,false,a-10YBE--2026-09-24,1,2026-09-24 02:55:00+00,2026-09-24,2026-09-24 03:00:00,sample/2026-09-24/a-10YBE--2026-09-24.xml
10YBE----------2,2026-09-24 12:00:00+00,2026-09-24 13:00:00+00,60,152.63,EUR,MWH,15,false,a-10YBE--2026-09-24,1,2026-09-24 02:55:00+00,2026-09-24,2026-09-24 03:00:00,sample/2026-09-24/a-10YBE--2026-09-24.xml
10YBE----------2,2026-09-24 13:00:00+00,2026-09-24 14:00:00+00,60,147.13,EUR,MWH,16,false,a-10YBE--2026-09-24,1,2026-09-24 02:55:00+00,2026-09-24,2026-09-24 03:00:00,sample/2026-09-24/a-10YBE--2026-09-24.xml
10YBE----------2,2026-09-24 14:00:00+00,2026-09-24 15:00:00+00,60,138.39,EUR,MWH,17,false,a-10YBE--2026-09-24,1,2026-09-24 02:55:00+00,2026-09-24,2026-09-24 03:00:00,sample/2026-09-24/a-10YBE--2026-09-24.xml
10YBE----------2,2026-09-24 15:00:00+00,2026-09-24 16:00:00+00,60,127.00,EUR,MWH,18,false,a-10YBE--2026-09-24,1,2026-09-24 02:55:00+00,2026-09-24,2026-09-24 03:00:00,sample/2026-09-24/a-10YBE--2026-09-24.xml
10YBE----------2,2026-09-24 16:00:00+00,2026-09-24 17:00:00+00,60,113.74,EUR,MWH,19,false,a-10YBE--2026-09-24,1,2026-09-24 02:55:00+00,2026-09-24,2026-09-24 03:00:00,sample/2026-09-24/a-10YBE--2026-09-24.xml
10YBE----------2,2026-09-24 17:00:00+00,2026-09-24 18:00:00+00,60,99.50,EUR,MWH,20,false,a-10YBE--2026-09-24,1,2026-09-24 02:55:00+00,2026-09-24,2026-09-24 03:00:00,sample/2026-09-24/a-10YBE--2026-09-24.xml
10YBE----------2,2026-09-24 18:00:00+00,2026-09-24 19:00:00+00,60,85.26,EUR,MWH,21,false,a-10YBE--2026-09-24,1,2026-09-24 02:55:00+00,2026-09-24,2026-09-24 03:00:00,sample/2026-09-24/a-10YBE--2026-09-24.xml
10YBE----------2,2026-09-24 19:00:00+00,2026-09-24 20:00:00+00,60,72.00,EUR,MWH,22,false,a-10YBE--2026-09-24,1,2026-09-24 02:55:00+00,2026-09-24,2026-09-24 03:00:00,sample/2026-09-24/a-10YBE--2026-09-24.xml
10YBE----------2,2026-09-24 20:00:00+00,2026-09-24 21:00:00+00,60,60.61,EUR,MWH,23,false,a-10YBE--2026-09-24,1,2026-09-24 02:55:00+00,2026-09-24,2026-09-24 03:00:00,sample/2026-09-24/a-10YBE--2026-09-24.xml
10YBE----------2,2026-09-24 21:00:00+00,2026-09-24 22:00:00+00,60,51.87,EUR,MWH,24,false,a-10YBE--2026-09-24,1,2026-09-24 02:55:00+00,2026-09-24,2026-09-24 03:00:00,sample/2026-09-24/a-10YBE--2026-09-24.xml
10YBE----------2,2026-09-24 22:00:00+00,2026-09-24 23:00:00+00,60,52.37,EUR,MWH,1,false,a-10YBE--2026-09-25,1,2026-09-24 02:55:00+00,2026-09-24,2026-09-24 03:00:00,sample/2026-09-24/a-10YBE--2026-09-25.xml
10YBE----------2,2026-09-24 23:00:00+00,2026-09-25 00:00:00+00,60,50.50,EUR,MWH,2,false,a-10YBE--2026-09-25,1,2026-09-24 02:55:00+00,2026-09-24,2026-09-24 03:00:00,sample/2026-09-24/a-10YBE--2026-09-25.xml
10YBE----------2,2026-09-25 00:00:00+00,2026-09-25 01:00:00+00,60,52.37,EUR,MWH,3,false,a-10YBE--2026-09-25,1,2026-09-24 02:55:00+00,2026-09-24,2026-09-24 03:00:00,sample/2026-09-24/a-10YBE--2026-09-25.xml
10YBE----------2,2026-09-25 01:00:00+00,2026-09-25 02:00:00+00,60,57.87,EUR,MWH,4,false,a-10YBE--2026-09-25,1,2026-09-24 02:55:00+00,2026-09-24,2026-09-24 03:00:00,sample/2026-09-24/a-10YBE--2026-09-25.xml
10YBE----------2,2026-09-25 02:00:00+00,2026-09-25 03:00:00+00,60,66.61,EUR,MWH,5,false,a-10YBE--2026-09-25,1,2026-09-24 02:55:00+00,2026-09-24,2026-09-24 03:00:00,sample/2026-09-24/a-10YBE--2026-09-25.xml
10YBE----------2,2026-09-25 03:00:00+00,2026-09-25 04:00:00+00,60,78.00,EUR,MWH,6,false,a-10YBE--2026-09-25,1,2026-09-24 02:55:00+00,2026-09-24,2026-09-24 03:00:00,sample/2026-09-24/a-10YBE--2026-09-25.xml
10YBE----------2,2026-09-25 04:00:00+00,2026-09-25 05:00:00+00,60,91.26,EUR,MWH,7,false,a-10YBE--2026-09-25,1,2026-09-24 02:55:00+00,2026-09-24,2026-09-24 03:00:00,sample/2026-09-24/a-10YBE--2026-09-25.xml
10YBE----------2,2026-09-25 05:00:00+00,2026-09-25 06:00:00+00,60,105.50,EUR,MWH,8,false,a-10YBE--2026-09-25,1,2026-09-24 02:55:00+00,2026-09-24,2026-09-24 03:00:00,sample/2026-09-24/a-10YBE--2026-09-25.xml
10YBE----------2,2026-09-25 06:00:00+00,2026-09-25 07:00:00+00,60,119.74,EUR,MWH,9,false,a-10YBE--2026-09-25,1,2026-09-24 02:55:00+00,2026-09-24,2026-09-24 03:00:00,sample/2026-09-24/a-10YBE--2026-09-25.xml
10YBE----------2,2026-09-25 07:00:00+00,2026-09-25 08:00:00+00,60,133.00,EUR,MWH,10,false,a-10YBE--2026-09-25,1,2026-09-24 02:55:00+00,2026-09-24,2026-09-24 03:00:00,sample/2026-09-24/a-10YBE--2026-09-25.xml
10YBE----------2,2026-09-25 08:00:00+00,2026-09-25 09:00:00+00,60,144.39,EUR,MWH,11,false,a-10YBE--2026-09-25,1,2026-09-24 02:55:00+00,2026-09-24,2026-09-24 03:00:00,sample/2026-09-24/a-10YBE--2026-09-25.xml
10YBE----------2,2026-09-25 09:00:00+00,2026-09-25 10:00:00+00,60,153.13,EUR,MWH,12,false,a-10YBE--2026-09-25,1,2026-09-24 02:55:00+00,2026-09-24,2026-09-24 03:00:00,sample/2026-09-24/a-10YBE--2026-09-25.xml
10YBE----------2,2026-09-25 10:00:00+00,2026-09-25 11:00:00+00,60,-16.37,EUR,MWH,13,false,a-10YBE--2026-09-25,1,2026-09-24 02:55:00+00,2026-09-24,2026-09-24 03:00:00,sample/2026-09-24/a-10YBE--2026-09-25.xml
10YBE----------2,2026-09-25 11:00:00+00,2026-09-25 12:00:00+00,60,-14.50,EUR,MWH,14,false,a-10YBE--2026-09-25,1,2026-09-24 02:55:00+00,2026-09-24,2026-09-24 03:00:00,sample/2026-09-24/a-10YBE--2026-09-25.xml
10YBE----------2,2026-09-25 12:00:00+00,2026-09-25 13:00:00+00,60,158.63,EUR,MWH,15,false,a-10YBE--2026-09-25,1,2026-09-24 02:55:00+00,2026-09-24,2026-09-24 03:00:00,sample/2026-09-24/a-10YBE--2026-09-25.xml
10YBE----------2,2026-09-25 13:00:00+00,2026-09-25 14:00:00+00,60,153.13,EUR,MWH,16,false,a-10YBE--2026-09-25,1,2026-09-24 02:55:00+00,2026-09-24,2026-09-24 03:00:00,sample/2026-09-24/a-10YBE--2026-09-25.xml
10YBE----------2,2026-09-25 14:00:00+00,2026-09-25 15:00:00+00,60,144.39,EUR,MWH,17,false,a-10YBE--2026-09-25,1,2026-09-24 02:55:00+00,2026-09-24,2026-09-24 03:00:00,sample/2026-09-24/a-10YBE--2026-09-25.xml
10YBE----------2,2026-09-25 15:00:00+00,2026-09-25 16:00:00+00,60,133.00,EUR,MWH,18,false,a-10YBE--2026-09-25,1,2026-09-24 02:55:00+00,2026-09-24,2026-09-24 03:00:00,sample/2026-09-24/a-10YBE--2026-09-25.xml
10YBE----------2,2026-09-25 16:00:00+00,2026-09-25 17:00:00+00,60,119.74,EUR,MWH,19,false,a-10YBE--2026-09-25,1,2026-09-24 02:55:00+00,2026-09-24,2026-09-24 03:00:00,sample/2026-09-24/a-10YBE--2026-09-25.xml
10YBE----------2,2026-09-25 17:00:00+00,2026-09-25 18:00:00+00,60,105.50,EUR,MWH,20,false,a-10YBE--2026-09-25,1,2026-09-24 02:55:00+00,2026-09-24,2026-09-24 03:00:00,sample/2026-09-24/a-10YBE--2026-09-25.xml
10YBE----------2,2026-09-25 18:00:00+00,2026-09-25 19:00:00+00,60,91.26,EUR,MWH,21,false,a-10YBE--2026-09-25,1,2026-09-24 02:55:00+00,2026-09-24,2026-09-24 03:00:00,sample/2026-09-24/a-10YBE--2026-09-25.xml
10YBE----------2,2026-09-25 19:00:00+00,2026-09-25 20:00:00+00,60,78.00,EUR,MWH,22,false,a-10YBE--2026-09-25,1,2026-09-24 02:55:00+00,2026-09-24,2026-09-24 03:00:00,sample/2026-09-24/a-10YBE--2026-09-25.xml
10YBE----------2,2026-09-25 20:00:00+00,2026-09-25 21:00:00+00,60,66.61,EUR,MWH,23,false,a-10YBE--2026-09-25,1,2026-09-24 02:55:00+00,2026-09-24,2026-09-24 03:00:00,sample/2026-09-24/a-10YBE--2026-09-25.xml
10YBE----------2,2026-09-25 21:00:00+00,2026-09-25 22:00:00+00,60,57.87,EUR,MWH,24,false,a-10YBE--2026-09-25,1,2026-09-24 02:55:00+00,2026-09-24,2026-09-24 03:00:00,sample/2026-09-24/a-10YBE--2026-09-25.xml
10YNL----------L,2026-09-24 22:00:00+00,2026-09-24 23:00:00+00,60,47.87,EUR,MWH,1,false,b-nl-rev2,2,2026-09-25 02:55:00+00,2026-09-25,2026-09-25 03:00:00,sample/2026-09-25/b-nl-rev2.xml
10YNL----------L,2026-09-24 23:00:00+00,2026-09-25 00:00:00+00,60,46.00,EUR,MWH,2,false,b-nl-rev2,2,2026-09-25 02:55:00+00,2026-09-25,2026-09-25 03:00:00,sample/2026-09-25/b-nl-rev2.xml
10YNL----------L,2026-09-25 00:00:00+00,2026-09-25 01:00:00+00,60,47.87,EUR,MWH,3,false,b-nl-rev2,2,2026-09-25 02:55:00+00,2026-09-25,2026-09-25 03:00:00,sample/2026-09-25/b-nl-rev2.xml
10YNL----------L,2026-09-25 01:00:00+00,2026-09-25 02:00:00+00,60,53.37,EUR,MWH,4,false,b-nl-rev2,2,2026-09-25 02:55:00+00,2026-09-25,2026-09-25 03:00:00,sample/2026-09-25/b-nl-rev2.xml
10YNL----------L,2026-09-25 02:00:00+00,2026-09-25 03:00:00+00,60,62.11,EUR,MWH,5,false,b-nl-rev2,2,2026-09-25 02:55:00+00,2026-09-25,2026-09-25 03:00:00,sample/2026-09-25/b-nl-rev2.xml
10YNL----------L,2026-09-25 03:00:00+00,2026-09-25 04:00:00+00,60,73.50,EUR,MWH,6,false,b-nl-rev2,2,2026-09-25 02:55:00+00,2026-09-25,2026-09-25 03:00:00,sample/2026-09-25/b-nl-rev2.xml
10YNL----------L,2026-09-25 04:00:00+00,2026-09-25 05:00:00+00,60,86.76,EUR,MWH,7,false,b-nl-rev2,2,2026-09-25 02:55:00+00,2026-09-25,2026-09-25 03:00:00,sample/2026-09-25/b-nl-rev2.xml
10YNL----------L,2026-09-25 05:00:00+00,2026-09-25 06:00:00+00,60,101.00,EUR,MWH,8,false,b-nl-rev2,2,2026-09-25 02:55:00+00,2026-09-25,2026-09-25 03:00:00,sample/2026-09-25/b-nl-rev2.xml
10YNL----------L,2026-09-25 06:00:00+00,2026-09-25 07:00:00+00,60,115.24,EUR,MWH,9,false,b-nl-rev2,2,2026-09-25 02:55:00+00,2026-09-25,2026-09-25 03:00:00,sample/2026-09-25/b-nl-rev2.xml
10YNL----------L,2026-09-25 07:00:00+00,2026-09-25 08:00:00+00,60,128.50,EUR,MWH,10,false,b-nl-rev2,2,2026-09-25 02:55:00+00,2026-09-25,2026-09-25 03:00:00,sample/2026-09-25/b-nl-rev2.xml
10YNL----------L,2026-09-25 08:00:00+00,2026-09-25 09:00:00+00,60,139.89,EUR,MWH,11,false,b-nl-rev2,2,2026-09-25 02:55:00+00,2026-09-25,2026-09-25 03:00:00,sample/2026-09-25/b-nl-rev2.xml
10YNL----------L,2026-09-25 09:00:00+00,2026-09-25 10:00:00+00,60,148.63,EUR,MWH,12,false,b-nl-rev2,2,2026-09-25 02:55:00+00,2026-09-25,2026-09-25 03:00:00,sample/2026-09-25/b-nl-rev2.xml
10YNL----------L,2026-09-25 10:00:00+00,2026-09-25 11:00:00+00,60,-20.87,EUR,MWH,13,false,b-nl-rev2,2,2026-09-25 02:55:00+00,2026-09-25,2026-09-25 03:00:00,sample/2026-09-25/b-nl-rev2.xml
10YNL----------L,2026-09-25 11:00:00+00,2026-09-25 12:00:00+00,60,-19.00,EUR,MWH,14,false,b-nl-rev2,2,2026-09-25 02:55:00+00,2026-09-25,2026-09-25 03:00:00,sample/2026-09-25/b-nl-rev2.xml
10YNL----------L,2026-09-25 12:00:00+00,2026-09-25 13:00:00+00,60,154.13,EUR,MWH,15,false,b-nl-rev2,2,2026-09-25 02:55:00+00,2026-09-25,2026-09-25 03:00:00,sample/2026-09-25/b-nl-rev2.xml
10YNL----------L,2026-09-25 13:00:00+00,2026-09-25 14:00:00+00,60,148.63,EUR,MWH,16,false,b-nl-rev2,2,2026-09-25 02:55:00+00,2026-09-25,2026-09-25 03:00:00,sample/2026-09-25/b-nl-rev2.xml
10YNL----------L,2026-09-25 14:00:00+00,2026-09-25 15:00:00+00,60,139.89,EUR,MWH,17,false,b-nl-rev2,2,2026-09-25 02:55:00+00,2026-09-25,2026-09-25 03:00:00,sample/2026-09-25/b-nl-rev2.xml
10YNL----------L,2026-09-25 15:00:00+00,2026-09-25 16:00:00+00,60,128.50,EUR,MWH,18,false,b-nl-rev2,2,2026-09-25 02:55:00+00,2026-09-25,2026-09-25 03:00:00,sample/2026-09-25/b-nl-rev2.xml
10YNL----------L,2026-09-25 16:00:00+00,2026-09-25 17:00:00+00,60,103.99,EUR,MWH,19,false,b-nl-rev2,2,2026-09-25 02:55:00+00,2026-09-25,2026-09-25 03:00:00,sample/2026-09-25/b-nl-rev2.xml
10YNL----------L,2026-09-25 17:00:00+00,2026-09-25 18:00:00+00,60,101.00,EUR,MWH,20,false,b-nl-rev2,2,2026-09-25 02:55:00+00,2026-09-25,2026-09-25 03:00:00,sample/2026-09-25/b-nl-rev2.xml
10YNL----------L,2026-09-25 18:00:00+00,2026-09-25 19:00:00+00,60,86.76,EUR,MWH,21,false,b-nl-rev2,2,2026-09-25 02:55:00+00,2026-09-25,2026-09-25 03:00:00,sample/2026-09-25/b-nl-rev2.xml
10YNL----------L,2026-09-25 19:00:00+00,2026-09-25 20:00:00+00,60,73.50,EUR,MWH,22,false,b-nl-rev2,2,2026-09-25 02:55:00+00,2026-09-25,2026-09-25 03:00:00,sample/2026-09-25/b-nl-rev2.xml
10YNL----------L,2026-09-25 20:00:00+00,2026-09-25 21:00:00+00,60,62.11,EUR,MWH,23,false,b-nl-rev2,2,2026-09-25 02:55:00+00,2026-09-25,2026-09-25 03:00:00,sample/2026-09-25/b-nl-rev2.xml
10YNL----------L,2026-09-25 21:00:00+00,2026-09-25 22:00:00+00,60,53.37,EUR,MWH,24,false,b-nl-rev2,2,2026-09-25 02:55:00+00,2026-09-25,2026-09-25 03:00:00,sample/2026-09-25/b-nl-rev2.xml
10YBE----------2,2026-09-24 22:00:00+00,2026-09-24 23:00:00+00,60,52.37,EUR,MWH,1,false,b-be-rev1,1,2026-09-25 02:55:00+00,2026-09-25,2026-09-25 03:00:00,sample/2026-09-25/b-be-rev1.xml
10YBE----------2,2026-09-24 23:00:00+00,2026-09-25 00:00:00+00,60,50.50,EUR,MWH,2,false,b-be-rev1,1,2026-09-25 02:55:00+00,2026-09-25,2026-09-25 03:00:00,sample/2026-09-25/b-be-rev1.xml
10YBE----------2,2026-09-25 00:00:00+00,2026-09-25 01:00:00+00,60,52.37,EUR,MWH,3,false,b-be-rev1,1,2026-09-25 02:55:00+00,2026-09-25,2026-09-25 03:00:00,sample/2026-09-25/b-be-rev1.xml
10YBE----------2,2026-09-25 01:00:00+00,2026-09-25 02:00:00+00,60,57.87,EUR,MWH,4,false,b-be-rev1,1,2026-09-25 02:55:00+00,2026-09-25,2026-09-25 03:00:00,sample/2026-09-25/b-be-rev1.xml
10YBE----------2,2026-09-25 02:00:00+00,2026-09-25 03:00:00+00,60,66.61,EUR,MWH,5,false,b-be-rev1,1,2026-09-25 02:55:00+00,2026-09-25,2026-09-25 03:00:00,sample/2026-09-25/b-be-rev1.xml
10YBE----------2,2026-09-25 03:00:00+00,2026-09-25 04:00:00+00,60,78.00,EUR,MWH,6,false,b-be-rev1,1,2026-09-25 02:55:00+00,2026-09-25,2026-09-25 03:00:00,sample/2026-09-25/b-be-rev1.xml
10YBE----------2,2026-09-25 04:00:00+00,2026-09-25 05:00:00+00,60,91.26,EUR,MWH,7,false,b-be-rev1,1,2026-09-25 02:55:00+00,2026-09-25,2026-09-25 03:00:00,sample/2026-09-25/b-be-rev1.xml
10YBE----------2,2026-09-25 05:00:00+00,2026-09-25 06:00:00+00,60,105.50,EUR,MWH,8,false,b-be-rev1,1,2026-09-25 02:55:00+00,2026-09-25,2026-09-25 03:00:00,sample/2026-09-25/b-be-rev1.xml
10YBE----------2,2026-09-25 06:00:00+00,2026-09-25 07:00:00+00,60,119.74,EUR,MWH,9,false,b-be-rev1,1,2026-09-25 02:55:00+00,2026-09-25,2026-09-25 03:00:00,sample/2026-09-25/b-be-rev1.xml
10YBE----------2,2026-09-25 07:00:00+00,2026-09-25 08:00:00+00,60,133.00,EUR,MWH,10,false,b-be-rev1,1,2026-09-25 02:55:00+00,2026-09-25,2026-09-25 03:00:00,sample/2026-09-25/b-be-rev1.xml
10YBE----------2,2026-09-25 08:00:00+00,2026-09-25 09:00:00+00,60,144.39,EUR,MWH,11,false,b-be-rev1,1,2026-09-25 02:55:00+00,2026-09-25,2026-09-25 03:00:00,sample/2026-09-25/b-be-rev1.xml
10YBE----------2,2026-09-25 09:00:00+00,2026-09-25 10:00:00+00,60,153.13,EUR,MWH,12,false,b-be-rev1,1,2026-09-25 02:55:00+00,2026-09-25,2026-09-25 03:00:00,sample/2026-09-25/b-be-rev1.xml
10YBE----------2,2026-09-25 10:00:00+00,2026-09-25 11:00:00+00,60,-16.37,EUR,MWH,13,false,b-be-rev1,1,2026-09-25 02:55:00+00,2026-09-25,2026-09-25 03:00:00,sample/2026-09-25/b-be-rev1.xml
10YBE----------2,2026-09-25 11:00:00+00,2026-09-25 12:00:00+00,60,-14.50,EUR,MWH,14,false,b-be-rev1,1,2026-09-25 02:55:00+00,2026-09-25,2026-09-25 03:00:00,sample/2026-09-25/b-be-rev1.xml
10YBE----------2,2026-09-25 12:00:00+00,2026-09-25 13:00:00+00,60,158.63,EUR,MWH,15,false,b-be-rev1,1,2026-09-25 02:55:00+00,2026-09-25,2026-09-25 03:00:00,sample/2026-09-25/b-be-rev1.xml
10YBE----------2,2026-09-25 13:00:00+00,2026-09-25 14:00:00+00,60,153.13,EUR,MWH,16,false,b-be-rev1,1,2026-09-25 02:55:00+00,2026-09-25,2026-09-25 03:00:00,sample/2026-09-25/b-be-rev1.xml
10YBE----------2,2026-09-25 14:00:00+00,2026-09-25 15:00:00+00,60,144.39,EUR,MWH,17,false,b-be-rev1,1,2026-09-25 02:55:00+00,2026-09-25,2026-09-25 03:00:00,sample/2026-09-25/b-be-rev1.xml
10YBE----------2,2026-09-25 15:00:00+00,2026-09-25 16:00:00+00,60,133.00,EUR,MWH,18,false,b-be-rev1,1,2026-09-25 02:55:00+00,2026-09-25,2026-09-25 03:00:00,sample/2026-09-25/b-be-rev1.xml
10YBE----------2,2026-09-25 16:00:00+00,2026-09-25 17:00:00+00,60,119.74,EUR,MWH,19,false,b-be-rev1,1,2026-09-25 02:55:00+00,2026-09-25,2026-09-25 03:00:00,sample/2026-09-25/b-be-rev1.xml
10YBE----------2,2026-09-25 17:00:00+00,2026-09-25 18:00:00+00,60,105.50,EUR,MWH,20,false,b-be-rev1,1,2026-09-25 02:55:00+00,2026-09-25,2026-09-25 03:00:00,sample/2026-09-25/b-be-rev1.xml
10YBE----------2,2026-09-25 18:00:00+00,2026-09-25 19:00:00+00,60,91.26,EUR,MWH,21,false,b-be-rev1,1,2026-09-25 02:55:00+00,2026-09-25,2026-09-25 03:00:00,sample/2026-09-25/b-be-rev1.xml
10YBE----------2,2026-09-25 19:00:00+00,2026-09-25 20:00:00+00,60,78.00,EUR,MWH,22,false,b-be-rev1,1,2026-09-25 02:55:00+00,2026-09-25,2026-09-25 03:00:00,sample/2026-09-25/b-be-rev1.xml
10YBE----------2,2026-09-25 20:00:00+00,2026-09-25 21:00:00+00,60,66.61,EUR,MWH,23,false,b-be-rev1,1,2026-09-25 02:55:00+00,2026-09-25,2026-09-25 03:00:00,sample/2026-09-25/b-be-rev1.xml
10YBE----------2,2026-09-25 21:00:00+00,2026-09-25 22:00:00+00,60,57.87,EUR,MWH,24,false,b-be-rev1,1,2026-09-25 02:55:00+00,2026-09-25,2026-09-25 03:00:00,sample/2026-09-25/b-be-rev1.xml
